0, 0, 0, 0, 280, 3849, 356
0.10938, 0, 0, 0, 280, 3849, 356
0.218753, 0, 0, 0, 280, 3849, 356
0.312503, 0, 0, 0, 280, 3849, 356
0.421881, 0, 0, 0, 280, 3849, 356
0.500008, 0, 0, 0, 280, 3849, 356
0.609387, 0, 0, 0, 280, 3849, 356
0.71876, 0, 0, 0, 280, 3849, 356
0.812482, 0, 0, 0, 280, 3849, 356
0.921832, 0, 0, 0, 280, 3849, 356
1.0156, 0, 0, 0, 280, 3849, 356
1.10939, 0, 0, 0, 280, 3849, 356
1.20314, 0, 0, 0, 280, 3849, 356
1.31252, 0, 0, 0, 280, 3849, 356
1.40627, 0, 0, 0, 280, 3849, 356
1.51565, 0, 0, 0, 280, 3849, 356
1.62497, 0, 0, 0, 280, 3849, 356
1.70312, 0, 0, 0, 280, 3849, 356
1.81253, 0, 0, 0, 280, 3849, 356
1.90628, 0, 0, 0, 280, 3849, 356
2.00003, 0, 0, 0, 280, 3849, 356
2.10361, 0, 0, 0, 280, 3849, 356
2.21298, 0, 0, 0, 280, 3849, 356
2.32236, 0, 0, 0, 280, 3849, 356
2.40049, 0, 0, 0, 280, 3849, 356
2.5098, 0, 0, 0, 280, 3849, 356
2.61924, 0, 0, 0, 280, 3849, 356
2.71299, 0, 0, 0, 280, 3849, 356
2.82237, 0, 0, 0, 280, 3849, 356
2.91612, 0, 0, 0, 280, 3849, 356
3.00987, 0, 0, 0, 280, 3849, 356
3.10362, 0, 0, 0, 280, 3849, 356
3.21299, 0, 0, 0, 280, 3849, 356
3.32238, 0, 0, 0, 280, 3849, 356
3.4005, 0, 0, 0, 280, 3849, 356
3.50988, 0, 0, 0, 280, 3849, 356
3.60358, 0, 0, 0, 280, 3849, 356
3.713, 0, 0, 0, 280, 3849, 356
3.80675, 0, 0, 0, 280, 3849, 356
3.91613, 0, 0, 0, 280, 3849, 356
4.02551, 0, 0, 0, 280, 3849, 356
4.10364, 0, 0, 0, 280, 3849, 356
4.21301, 0, 0, 0, 280, 3849, 356
4.30676, 0, 0, 0, 280, 3849, 356
4.41614, 0, 0, 0, 280, 3849, 356
4.52552, 0, 0, 0, 280, 3849, 356
4.60364, 0, 0, 0, 280, 3849, 356
4.71302, 0, 0, 0, 280, 3849, 356
4.80677, 0, 0, 0, 280, 3849, 356
4.91615, 0, 0, 0, 280, 3849, 356
5.02552, 0, 0, 0, 280, 3849, 356
5.11928, 0, 0, 0, 280, 3849, 356
5.19741, 0, 0, 0, 280, 3849, 356
5.30678, 0, 0, 0, 280, 3849, 356
5.41615, 0, 0, 0, 280, 3849, 356
5.50991, 0, 0, 0, 280, 3849, 356
5.61928, 0, 0, 0, 280, 3849, 356
5.72866, 0, 0, 0, 280, 3849, 356
5.80678, 0, 0, 0, 280, 3849, 356
5.90054, 0, 0, 0, 280, 3849, 356
6.00991, 0, 0, 0, 280, 3849, 356
6.11929, 0, 0, 0, 280, 3849, 356
6.21304, 0, 0, 0, 280, 3849, 356
6.32242, 0, 0, 0, 280, 3849, 356
6.40055, 0, 0, 0, 280, 3849, 356
6.57243, 0, 0, 0, 280, 3849, 356
6.6193, 0, 0, 0, 280, 3849, 356
6.71305, 0, 0, 0, 280, 3849, 356
6.82243, 0, 0, 0, 280, 3849, 356
6.9318, 0, 0, 0, 280, 3849, 356
7.00993, 0, 0, 0, 280, 3849, 356
7.1193, 0, 0, 0, 280, 3849, 356
7.19743, 0, 0, 0, 280, 3849, 356
7.30681, 0, 0, 0, 280, 3849, 356
7.41618, 0, 0, 0, 280, 3849, 356
7.50994, 0, 0, 0, 280, 3849, 356
7.60369, 0, 0, 0, 280, 3849, 356
7.71306, 0, 0, 0, 280, 3849, 356
7.82244, 0, 0, 0, 280, 3849, 356
7.93182, 0, 0, 0, 280, 3849, 356
8.00994, 0, 0, 0, 280, 3849, 356
8.10369, 0, 0, 0, 280, 3849, 356
8.21307, 0, 0, 0, 280, 3849, 356
8.32245, 0, 0, 0, 280, 3849, 356
8.43183, 0, 0, 0, 280, 3849, 356
8.50995, 0, 0, 0, 280, 3849, 356
8.63495, 0, 0, 0, 280, 3849, 356
8.71307, 0, 0, 0, 280, 3849, 356
8.80683, 0, 0, 0, 280, 3849, 356
8.9162, 0, 0, 0, 280, 3849, 356
9.00996, 0, 0, 0, 280, 3849, 356
9.11933, 0, 0, 0, 280, 3849, 356
9.22871, 0, 0, 0, 280, 3849, 356
9.32246, 0, 0, 0, 280, 3849, 356
9.40059, 0, 0, 0, 280, 3849, 356
9.50996, 0, 0, 0, 280, 3849, 356
9.61934, 0, 0, 0, 280, 3849, 356
9.71309, 0, 0, 0, 280, 3849, 356
9.81587, 0, 0, 0, 280, 3849, 356
9.92525, 0, 0, 0, 280, 3849, 356
10.0034, 0, 0, 0, 280, 3849, 356
10.1128, 0, 0, 0, 280, 3849, 356
10.2221, 0, 0, 0, 280, 3849, 356
10.3315, 0, 0, 0, 280, 3849, 356
10.4253, 0, 0, 0, 280, 3849, 356
10.5033, 0, 0, 0, 280, 3849, 356
10.6128, 0, 0, 0, 280, 3849, 356
10.7221, 0, 0, 0, 280, 3849, 356
10.8315, 0, 0, 0, 280, 3849, 356
10.9253, 0, 0, 0, 280, 3849, 356
11.0034, 0, 0, 0, 280, 3849, 356
11.1128, 0, 0, 0, 280, 3849, 356
11.2221, 0, 0, 0, 280, 3849, 356
11.3159, 0, 0, 0, 280, 3849, 356
11.4096, 0, 0, 0, 280, 3849, 356
11.519, 0, 0, 0, 280, 3849, 356
11.6128, 0, 0, 0, 280, 3849, 356
11.7065, 0, 0, 0, 280, 3849, 356
11.8135, 0, 0, 0, 280, 3849, 356
11.9115, 0, 0, 0, 280, 3849, 356
12.0052, 0, 0, 0, 280, 3849, 356
12.1146, 0, 0, 0, 280, 3849, 356
12.2239, 0, 0, 0, 280, 3849, 356
12.3177, 0, 0, 0, 280, 3849, 356
12.4271, 0, 0, 0, 280, 3849, 356
12.5209, 0, 0, 0, 280, 3849, 356
12.6302, 0, 0, 0, 280, 3849, 356
12.724, 0, 0, 0, 280, 3849, 356
12.8021, 0, 0, 0, 280, 3849, 356
12.9115, 0, 0, 0, 280, 3849, 356
13.0365, 0, 0, 0, 280, 3849, 356
13.1146, 0, 0, 0, 280, 3849, 356
13.2083, 0, 0, 0, 280, 3849, 356
13.3178, 0, 0, 0, 280, 3849, 356
13.4271, 0, 0, 0, 280, 3849, 356
13.5053, 0, 0, 0, 280, 3849, 356
13.6303, 0, 0, 0, 280, 3849, 356
13.724, 0, 0, 0, 280, 3849, 356
13.8334, 0, 0, 0, 280, 3849, 356
13.9115, 0, 0, 0, 280, 3849, 356
14.0209, 0, 0, 0, 280, 3849, 356
14.1146, 0, 0, 0, 280, 3849, 356
14.2213, 0, 0, 0, 280, 3849, 356
14.3307, 0, 0, 0, 280, 3849, 356
14.4088, 0, 0, 0, 280, 3849, 356
14.5338, 0, 0, 0, 280, 3849, 356
14.6119, 0, 0, 0, 280, 3849, 356
14.7213, 0, 0, 0, 280, 3849, 356
14.8307, 0, 0, 0, 280, 3849, 356
14.9244, 0, 0, 0, 280, 3849, 356
15.0025, 0, 0, 0, 280, 3849, 356
15.1119, 0, 0, 0, 280, 3849, 356
15.2213, 0, 0, 0, 280, 3849, 356
15.315, 0, 0, 0, 280, 3849, 356
15.4244, 0, 0, 0, 280, 3849, 356
15.5338, 0, 0, 0, 280, 3849, 356
15.6119, 0, 0, 0, 280, 3849, 356
15.7213, 0, 0, 0, 280, 3849, 356
15.815, 0, 0, 0, 280, 3849, 356
15.9244, 0, 0, 0, 280, 3849, 356
16.0182, 0, 0, 0, 280, 3849, 356
16.1119, 0, 0, 0, 280, 3849, 356
16.2213, 0, 0, 0, 280, 3849, 356
16.3307, 0, 0, 0, 280, 3849, 356
16.4244, 0, 0, 0, 280, 3849, 356
16.5338, 0, 0, 0, 280, 3849, 356
16.6432, 0, 0, 0, 280, 3849, 356
16.7213, 0, 0, 0, 280, 3849, 356
16.8307, 0, 0, 0, 280, 3849, 356
16.9244, 0, 0, 0, 280, 3849, 356
17.0182, 0, 0, 0, 280, 3849, 356
17.1119, 0, 0, 0, 280, 3849, 356
17.2057, 0, 0, 0, 280, 3849, 356
17.3307, 0, 0, 0, 280, 3849, 356
17.4401, 0, 0, 0, 280, 3849, 356
17.5182, 0, 0, 0, 280, 3849, 356
17.6119, 0, 0, 0, 280, 3849, 356
17.7213, 0, 0, 0, 280, 3849, 356
17.8307, 0, 0, 0, 280, 3849, 356
17.9401, 0, 0, 0, 280, 3849, 356
18.0182, 0, 0, 0, 280, 3849, 356
18.112, 0, 0, 0, 280, 3849, 356
18.2213, 0, 0, 0, 280, 3849, 356
18.3307, 0, 0, 0, 280, 3849, 356
18.4245, 0, 0, 0, 280, 3849, 356
18.5338, 0, 0, 0, 280, 3849, 356
18.6119, 0, 0, 0, 280, 3849, 356
18.7213, 0, 0, 0, 280, 3849, 356
18.8161, 0, 0, 0, 280, 3849, 356
18.9254, 0, 0, 0, 280, 3849, 356
19.0348, 0, 0, 0, 280, 3849, 356
19.1286, 0, 0, 0, 280, 3849, 356
19.2066, 0, 0, 0, 280, 3849, 356
19.3161, 0, 0, 0, 280, 3849, 356
19.4254, 0, 0, 0, 280, 3849, 356
19.5192, 0, 0, 0, 280, 3849, 356
19.6286, 0, 0, 0, 280, 3849, 356
19.7379, 0, 0, 0, 280, 3849, 356
19.8317, 0, 0, 0, 280, 3849, 356
19.9254, 0, 0, 0, 280, 3849, 356
20.0348, 0, 0, 0, 280, 3849, 356
20.1286, 0, 0, 0, 280, 3849, 356
20.238, 0, 0, 0, 280, 3849, 356
20.5348, 0, 0, 0, 280, 3849, 356
20.613, 0, 0, 0, 280, 3849, 356
20.7223, 0, 0, 0, 280, 3849, 356
20.8317, 0, 0, 0, 280, 3849, 356
20.9255, 0, 0, 0, 280, 3849, 356
21.0192, 0, 0, 0, 280, 3849, 356
21.1286, 0, 0, 0, 280, 3849, 356
21.2223, 4, 23, 0, 280, 3849, 356
21.5349, 10, 176, 0, 280, 3849, 356
21.613, 9, 197, 0, 280, 3849, 356
21.7223, 8, 189, 0, 280, 3849, 356
21.8317, 9, 188, 0, 280, 3849, 356
21.9254, 8, 192, 0, 280, 3849, 356
22.0349, 8, 189, 0, 280, 3849, 356
22.113, 9, 190, 0, 280, 3849, 356
22.2224, 8, 190, 0, 280, 3849, 356
22.3161, 9, 193, 0, 280, 3849, 356
22.4254, 15, 225, 0, 280, 3849, 356
22.5192, 18, 281, 0, 280, 3849, 356
22.6286, 18, 333, 0, 280, 3849, 356
22.7536, 17, 383, 0, 280, 3849, 356
22.8317, 3, 420, 1, 280, 3849, 356
22.9254, -26, 440, 1, 280, 3849, 356
23.0192, -76, 447, 1, 280, 3849, 356
23.113, -127, 447, 1, 280, 3849, 356
23.2224, -179, 448, 1, 280, 3849, 356
23.3161, -230, 451, 1, 280, 3849, 356
23.4255, -280, 453, 1, 280, 3849, 356
23.5192, -332, 455, 1, 280, 3849, 356
23.613, -382, 456, 1, 280, 3849, 356
23.7536, -433, 459, 1, 280, 3849, 356
23.8161, -485, 460, 1, 280, 3849, 356
23.9255, -535, 462, 1, 280, 3849, 356
24.0193, -586, 464, 1, 280, 3849, 356
24.113, -638, 467, 1, 280, 3849, 356
24.2224, -688, 469, 1, 280, 3849, 356
24.3318, -740, 471, 1, 280, 3849, 356
24.4255, -789, 472, 1, 280, 3849, 356
24.5192, -841, 474, 1, 280, 3849, 356
24.613, -893, 476, 1, 280, 3849, 356
24.7536, -943, 478, 1, 280, 3849, 356
24.8161, -995, 480, 1, 280, 3849, 356
24.9255, -1045, 481, 1, 280, 3849, 356
25.0349, -1096, 483, 1, 280, 3849, 356
25.1443, -1126, 486, 0, 280, 3849, 356
25.2224, -1126, 490, 0, 280, 3849, 356
25.4255, -1119, 489, 0, 280, 3849, 356
25.5349, -1124, 489, 0, 280, 3849, 356
25.6287, -1122, 489, 0, 280, 3849, 356
25.738, -1123, 489, 0, 280, 3849, 356
25.8474, -1123, 489, 0, 280, 3849, 356
25.9255, -1123, 489, 0, 280, 3849, 356
26.0349, -1123, 489, 0, 280, 3849, 356
26.1287, -1123, 487, 0, 280, 3849, 356
26.238, -1126, 460, 0, 280, 3849, 356
26.3162, -1131, 406, 0, 280, 3849, 356
26.4255, -1132, 351, 0, 280, 3849, 356
26.5349, -1130, 302, 0, 280, 3849, 356
26.6443, -1130, 263, 0, 280, 3849, 356
26.7224, -1128, 260, 0, 280, 3849, 356
26.8318, -1130, 267, 0, 280, 3849, 356
26.9256, -1130, 263, 0, 280, 3849, 356
27.0349, -1130, 263, 0, 280, 3849, 356
27.1443, -1130, 264, 0, 280, 3849, 356
27.2224, -1129, 263, 0, 280, 3849, 356
27.4099, -1131, 255, 0, 280, 3849, 356
27.5349, -1134, 166, 1, 280, 3849, 356
27.6287, -1132, 153, 1, 280, 3849, 356
27.7381, -1133, 161, 1, 280, 3849, 356
27.8162, -1134, 160, 1, 280, 3849, 356
27.9256, -1133, 156, 1, 280, 3849, 356
28.0193, -1133, 159, 1, 280, 3849, 356
28.1287, -1133, 158, 1, 280, 3849, 356
28.2381, -1133, 158, 1, 280, 3849, 356
28.4099, -1133, 158, 1, 280, 3849, 356
28.535, -1133, 158, 1, 280, 3849, 356
28.6287, -1133, 158, 1, 280, 3849, 356
28.7225, -1133, 158, 1, 280, 3849, 356
28.8318, -1133, 158, 1, 280, 3849, 356
28.9412, -1133, 158, 1, 280, 3849, 356
29.035, -1133, 158, 1, 280, 3849, 356
29.1287, -1133, 158, 1, 280, 3849, 356
29.2381, -1121, 161, 1, 280, 3849, 356
29.3318, -1083, 168, 0, 280, 3849, 356
29.4412, -1028, 170, 0, 280, 3849, 356
29.5349, -978, 166, 0, 280, 3849, 356
29.6287, -928, 164, 0, 280, 3849, 356
29.7224, -877, 164, 0, 280, 3849, 356
29.8787, -827, 162, 0, 280, 3849, 356
29.9412, -775, 160, 0, 280, 3849, 356
30.0349, -724, 158, 0, 280, 3849, 356
30.1287, -674, 156, 0, 280, 3849, 356
30.2224, -622, 154, 0, 280, 3849, 356
30.3319, -572, 153, 0, 280, 3849, 356
30.4256, -521, 152, 0, 280, 3849, 356
30.5194, -469, 150, 0, 280, 3849, 356
30.6287, -420, 148, 0, 280, 3849, 356
30.7225, -368, 146, 0, 280, 3849, 356
30.8631, -318, 144, 0, 280, 3849, 356
30.9256, -266, 142, 0, 280, 3849, 356
31.0194, -215, 140, 0, 280, 3849, 356
31.1287, -165, 139, 0, 280, 3849, 356
31.2381, -113, 137, 0, 280, 3849, 356
31.3475, -69, 135, 0, 280, 3849, 356
31.4412, -53, 134, 1, 280, 3849, 356
31.5506, -62, 135, 1, 280, 3849, 356
31.6287, -61, 136, 1, 280, 3849, 356
31.7381, -58, 135, 1, 280, 3849, 356
31.8475, -53, 135, 1, 280, 3849, 356
31.9256, -24, 140, 0, 280, 3849, 356
32.035, 18, 141, 0, 280, 3849, 356
32.1288, 33, 143, 0, 280, 3849, 356
32.2381, 25, 145, 0, 280, 3849, 356
32.3475, 26, 145, 0, 280, 3849, 356
32.4413, 29, 144, 0, 280, 3849, 356
32.5506, 27, 145, 0, 280, 3849, 356
32.6288, 27, 144, 0, 280, 3849, 356
32.7225, 28, 144, 0, 280, 3849, 356
32.8319, 27, 145, 0, 280, 3849, 356
32.9256, 27, 144, 0, 280, 3849, 356
33.035, 27, 144, 0, 280, 3849, 356
33.1448, 27, 144, 0, 280, 3849, 356
33.3329, 27, 144, 0, 280, 3849, 356
33.4422, 27, 144, 0, 280, 3849, 356
33.536, 27, 144, 0, 280, 3849, 356
33.6454, 27, 144, 0, 280, 3849, 356
33.7547, 27, 144, 0, 280, 3849, 356
33.8329, 27, 144, 0, 280, 3849, 356
33.9266, 27, 144, 0, 280, 3849, 356
34.036, 27, 144, 0, 280, 3849, 356
34.1454, 27, 144, 0, 280, 3849, 356
34.2391, 27, 144, 0, 280, 3849, 356
34.3485, 27, 144, 0, 280, 3849, 356
34.4266, 27, 144, 0, 280, 3849, 356
34.536, 27, 144, 0, 280, 3849, 356
34.6297, 27, 144, 0, 280, 3849, 356
34.7391, 27, 144, 0, 280, 3849, 356
34.8485, 27, 144, 0, 280, 3849, 356
34.9423, 27, 144, 0, 280, 3849, 356
35.0204, 27, 144, 0, 280, 3849, 356
35.1298, 27, 144, 0, 280, 3849, 356
35.2391, 27, 144, 0, 280, 3849, 356
35.3485, 27, 144, 0, 280, 3849, 356
35.4423, 27, 144, 0, 280, 3849, 356
35.536, 27, 144, 0, 280, 3849, 356
35.6298, 27, 144, 0, 280, 3849, 356
35.7392, 27, 144, 0, 280, 3849, 356
35.8485, 27, 144, 0, 280, 3849, 356
35.9579, 27, 144, 0, 280, 3849, 356
36.036, 27, 144, 0, 280, 3849, 356
36.1454, 27, 144, 0, 280, 3849, 356
36.2548, 27, 144, 0, 280, 3849, 356
36.3329, 27, 144, 0, 280, 3849, 356
36.4267, 27, 144, 0, 280, 3849, 356
36.536, 27, 144, 0, 280, 3849, 356
36.6298, 27, 144, 0, 280, 3849, 356
36.7392, 27, 144, 0, 280, 3849, 356
36.8329, 27, 144, 0, 280, 3849, 356
36.9423, 24, 144, 0, 280, 3849, 356
37.0517, -3, 145, 0, 280, 3849, 356
37.1298, -27, 148, 0, 280, 3849, 356
37.2235, -29, 150, 0, 280, 3849, 356
37.3329, -22, 150, 0, 280, 3849, 356
37.4423, -27, 148, 0, 280, 3849, 356
37.5517, -27, 149, 0, 280, 3849, 356
37.6454, -24, 149, 0, 280, 3849, 356
37.7236, -26, 149, 0, 280, 3849, 356
37.8329, -26, 149, 0, 280, 3849, 356
37.9422, -25, 149, 0, 280, 3849, 356
38.0517, -26, 149, 0, 280, 3849, 356
38.1454, -12, 149, 0, 280, 3849, 356
38.2235, 22, 151, 0, 280, 3849, 356
38.3329, 34, 152, 0, 280, 3849, 356
38.4423, 26, 152, 0, 280, 3849, 356
38.5517, 27, 152, 0, 280, 3849, 356
38.6454, 31, 152, 0, 280, 3849, 356
38.7236, 28, 152, 0, 280, 3849, 356
38.8329, 28, 152, 0, 280, 3849, 356
38.9423, 29, 152, 0, 280, 3849, 356
39.0361, 28, 152, 0, 280, 3849, 356
39.1454, 29, 152, 0, 280, 3849, 356
39.2236, 29, 152, 0, 280, 3849, 356
39.333, 29, 152, 0, 280, 3849, 356
39.4423, 29, 152, 0, 280, 3849, 356
39.5517, 29, 152, 0, 280, 3849, 356
39.6298, 29, 152, 0, 280, 3849, 356
39.7236, 29, 152, 0, 280, 3849, 356
39.833, 29, 153, 0, 280, 3849, 356
39.9423, 29, 178, 0, 280, 3849, 356
40.0517, 30, 210, 0, 280, 3849, 356
40.1455, 32, 214, 0, 280, 3849, 356
40.2392, 34, 205, 0, 280, 3849, 356
40.333, 33, 210, 0, 280, 3849, 356
40.4443, 33, 210, 0, 280, 3849, 356
40.5381, 34, 208, 0, 280, 3849, 356
40.6475, 33, 210, 0, 280, 3849, 356
40.7256, 33, 209, 0, 280, 3849, 356
40.835, 33, 209, 0, 280, 3849, 356
40.9444, 33, 209, 0, 280, 3849, 356
41.0381, 33, 209, 0, 280, 3849, 356
41.1475, 33, 212, 0, 280, 3849, 356
41.2568, 38, 243, 0, 280, 3849, 356
41.335, 39, 271, 0, 280, 3849, 356
41.4287, 40, 272, 1, 280, 3849, 356
41.5381, 41, 267, 1, 280, 3849, 356
41.6475, 41, 269, 1, 280, 3849, 356
41.7569, 41, 270, 1, 280, 3849, 356
41.8506, 41, 268, 1, 280, 3849, 356
41.9287, 41, 269, 1, 280, 3849, 356
42.0381, 42, 278, 1, 280, 3849, 356
42.1475, 47, 311, 1, 280, 3849, 356
42.2413, 48, 337, 2, 280, 3849, 356
42.3506, 46, 332, 2, 280, 3849, 356
42.46, 46, 329, 2, 280, 3849, 356
42.5381, 47, 333, 2, 280, 3849, 356
42.6475, 46, 332, 2, 280, 3849, 356
42.7413, 46, 332, 2, 280, 3849, 356
42.8506, 46, 332, 2, 280, 3849, 356
42.96, 46, 332, 2, 280, 3849, 356
43.0381, 46, 332, 2, 280, 3849, 356
43.1319, 46, 332, 2, 280, 3849, 356
43.2413, 46, 332, 2, 280, 3849, 356
43.3506, 46, 332, 2, 280, 3849, 356
43.4288, 46, 332, 2, 280, 3849, 356
43.5381, 46, 332, 2, 280, 3849, 356
43.6319, 50, 348, 2, 280, 3849, 356
43.7412, 57, 387, 2, 280, 3849, 356
43.8506, 61, 410, 3, 280, 3849, 356
43.96, 61, 403, 3, 280, 3849, 356
44.0381, 61, 401, 3, 280, 3849, 356
44.1319, 61, 406, 3, 280, 3849, 356
44.2413, 61, 403, 3, 280, 3849, 356
44.335, 61, 403, 3, 280, 3849, 356
44.4444, 63, 416, 3, 280, 3849, 356
44.5382, 69, 457, 3, 280, 3849, 356
44.6319, 71, 494, 3, 280, 3849, 356
44.7416, 74, 498, 4, 280, 3849, 356
44.8481, 74, 490, 4, 280, 3849, 356
44.9574, 73, 493, 4, 280, 3849, 356
45.0356, 73, 494, 4, 280, 3849, 356
45.1449, 73, 492, 4, 280, 3849, 356
45.2387, 73, 494, 4, 280, 3849, 356
45.3324, 73, 493, 4, 280, 3849, 356
45.4574, 73, 493, 4, 280, 3849, 356
45.5512, 71, 479, 4, 280, 3849, 356
45.6449, 70, 435, 4, 280, 3849, 356
45.7543, 70, 403, 4, 280, 3849, 356
45.8324, 70, 405, 5, 280, 3849, 356
45.9574, 69, 405, 5, 280, 3849, 356
46.0512, 66, 375, 5, 280, 3849, 356
46.1449, 64, 328, 5, 280, 3849, 356
46.2543, 66, 314, 5, 280, 3849, 356
46.3637, 65, 322, 5, 280, 3849, 356
46.4418, 61, 303, 6, 280, 3849, 356
46.5356, 57, 265, 6, 280, 3849, 356
46.645, 61, 252, 7, 280, 3849, 356
46.7543, 62, 259, 7, 280, 3849, 356
46.8481, 61, 258, 7, 280, 3849, 356
46.9575, 62, 256, 7, 280, 3849, 356
47.0512, 61, 258, 7, 280, 3849, 356
47.145, 61, 257, 7, 280, 3849, 356
47.2543, 59, 245, 7, 280, 3849, 356
47.348, 54, 210, 7, 280, 3849, 356
47.4418, 54, 187, 8, 280, 3849, 356
47.5512, 55, 192, 8, 280, 3849, 356
47.6606, 53, 192, 8, 280, 3849, 356
47.7387, 44, 158, 8, 280, 3849, 356
47.8481, 40, 123, 8, 280, 3849, 356
47.9418, 43, 118, 8, 280, 3849, 356
48.0512, 42, 125, 8, 280, 3849, 356
48.145, 35, 102, 9, 280, 3849, 356
48.2387, 30, 63, 9, 280, 3849, 356
48.3481, 31, 51, 10, 280, 3849, 356
48.4575, 34, 58, 10, 280, 3849, 356
48.5512, 32, 56, 10, 280, 3849, 356
48.645, 33, 55, 10, 280, 3849, 356
48.7544, 33, 56, 10, 280, 3849, 356
48.8481, 33, 55, 10, 280, 3849, 356
48.9575, 33, 56, 10, 280, 3849, 356
49.0356, 33, 55, 10, 280, 3849, 356
49.145, 33, 56, 10, 280, 3849, 356
49.2387, 33, 56, 10, 280, 3849, 356
49.3481, 33, 55, 10, 280, 3849, 356
49.4419, 33, 56, 10, 280, 3849, 356
49.5512, 33, 56, 10, 280, 3849, 356
49.6606, 33, 56, 10, 280, 3849, 356
49.7387, 33, 56, 10, 280, 3849, 356
49.8325, 33, 56, 10, 280, 3849, 356
49.9419, 33, 56, 10, 280, 3849, 356
50.0513, 33, 55, 10, 280, 3849, 356
50.145, 33, 55, 10, 280, 3849, 356
50.2388, 33, 55, 10, 280, 3849, 356
50.3481, 33, 55, 10, 280, 3849, 356
50.4419, 33, 55, 10, 280, 3849, 356
50.5513, 33, 55, 10, 280, 3849, 356
50.645, 33, 55, 10, 280, 3849, 356
50.7388, 33, 55, 10, 280, 3849, 356
50.8481, 33, 55, 10, 280, 3849, 356
50.9575, 33, 55, 10, 280, 3849, 356
51.0356, 33, 55, 10, 280, 3849, 356
51.145, 33, 55, 10, 280, 3849, 356
51.2544, 33, 55, 10, 280, 3849, 356
51.3481, 33, 55, 10, 280, 3849, 356
51.4575, 33, 55, 10, 280, 3849, 356
51.5357, 33, 55, 10, 280, 3849, 356
51.645, 33, 55, 10, 280, 3849, 356
51.7544, 33, 55, 10, 280, 3849, 356
51.8638, 33, 55, 10, 280, 3849, 356
51.9419, 33, 55, 10, 280, 3849, 356
52.0357, 36, 65, 10, 280, 3849, 356
52.1607, 51, 102, 10, 280, 3849, 356
52.2388, 64, 156, 10, 280, 3849, 356
52.3482, 73, 208, 10, 280, 3849, 356
52.4575, 75, 243, 10, 280, 3849, 356
52.5513, 74, 246, 10, 280, 3849, 356
52.645, 73, 239, 10, 280, 3849, 356
52.7388, 78, 250, 10, 280, 3849, 356
52.8482, 92, 290, 11, 280, 3849, 356
52.9419, 105, 341, 11, 280, 3849, 356
53.0357, 115, 394, 11, 280, 3849, 356
53.1607, 115, 438, 11, 280, 3849, 356
53.2544, 95, 469, 11, 280, 3849, 356
53.3482, 53, 487, 11, 280, 3849, 356
53.4419, 2, 497, 11, 280, 3849, 356
53.5484, -48, 506, 11, 280, 3849, 356
53.6422, -96, 518, 11, 280, 3849, 356
53.7672, -144, 529, 11, 280, 3849, 356
53.8452, -195, 540, 11, 280, 3849, 356
53.939, -243, 551, 11, 280, 3849, 356
54.0484, -293, 562, 11, 280, 3849, 356
54.1734, -344, 572, 11, 280, 3849, 356
54.2359, -390, 566, 11, 280, 3849, 356
54.3452, -419, 541, 11, 280, 3849, 356
54.439, -430, 498, 11, 280, 3849, 356
54.5484, -439, 444, 11, 280, 3849, 356
54.6578, -450, 391, 11, 280, 3849, 356
54.7515, -461, 343, 11, 280, 3849, 356
54.8453, -472, 292, 11, 280, 3849, 356
54.939, -471, 248, 11, 280, 3849, 356
55.0484, -445, 224, 11, 280, 3849, 356
55.1734, -395, 214, 11, 280, 3849, 356
55.2515, -344, 205, 11, 280, 3849, 356
55.3453, -294, 193, 11, 280, 3849, 356
55.4547, -245, 183, 11, 280, 3849, 356
55.564, -198, 173, 11, 280, 3849, 356
55.6578, -177, 165, 10, 280, 3849, 356
55.7672, -182, 163, 10, 280, 3849, 356
55.8453, -185, 166, 10, 280, 3849, 356
55.9547, -180, 165, 10, 280, 3849, 356
56.0484, -183, 165, 10, 280, 3849, 356
56.1578, -183, 165, 10, 280, 3849, 356
56.2672, -182, 165, 10, 280, 3849, 356
56.3609, -183, 165, 10, 280, 3849, 356
56.4703, -182, 165, 10, 280, 3849, 356
56.5484, -183, 165, 10, 280, 3849, 356
56.6578, -182, 165, 10, 280, 3849, 356
56.7516, -182, 165, 10, 280, 3849, 356
56.8453, -182, 165, 10, 280, 3849, 356
56.9703, -181, 164, 12, 280, 3849, 356
57.0484, -181, 163, 17, 280, 3849, 356
57.2047, -179, 163, 23, 280, 3849, 356
57.2515, -180, 162, 28, 280, 3849, 356
57.3453, -180, 161, 33, 280, 3849, 356
57.4391, -181, 161, 38, 280, 3849, 356
57.5485, -182, 161, 43, 280, 3849, 356
57.6421, -181, 162, 49, 280, 3849, 356
57.7516, -182, 161, 54, 280, 3849, 356
57.861, -181, 161, 59, 280, 3849, 356
57.9547, -182, 161, 64, 280, 3849, 356
58.0485, -182, 162, 69, 280, 3849, 356
58.1422, -182, 162, 75, 280, 3849, 356
58.2672, -183, 162, 80, 280, 3849, 356
58.3453, -183, 162, 84, 280, 3849, 356
58.4547, -183, 165, 85, 280, 3849, 356
58.5641, -183, 165, 85, 280, 3849, 356
58.6578, -183, 165, 85, 280, 3849, 356
58.7516, -183, 164, 85, 280, 3849, 356
58.8453, -183, 164, 85, 280, 3849, 356
58.9547, -183, 165, 85, 280, 3849, 356
59.0491, -183, 165, 85, 280, 3849, 356
59.1518, -183, 165, 85, 280, 3849, 356
59.2612, -183, 163, 88, 280, 3849, 356
59.355, -185, 161, 93, 280, 3849, 356
59.4487, -186, 161, 98, 280, 3849, 356
59.5581, -187, 162, 103, 280, 3849, 356
59.6519, -185, 162, 108, 280, 3849, 356
59.7612, -187, 162, 114, 280, 3849, 356
59.8393, -186, 162, 119, 280, 3849, 356
59.9487, -186, 162, 124, 280, 3849, 356
60.0425, -187, 162, 129, 280, 3849, 356
60.1519, -186, 162, 134, 280, 3849, 356
60.2612, -189, 162, 139, 280, 3849, 356
60.3706, -187, 164, 141, 280, 3849, 356
60.4644, -186, 164, 141, 280, 3849, 356
60.5425, -186, 163, 141, 280, 3849, 356
60.6519, -186, 163, 141, 280, 3849, 356
60.7456, -185, 164, 141, 280, 3849, 356
60.8549, -187, 163, 144, 280, 3849, 356
60.9487, -189, 163, 149, 280, 3849, 356
61.0425, -190, 164, 154, 280, 3849, 356
61.1519, -189, 164, 159, 280, 3849, 356
61.2613, -190, 165, 164, 280, 3849, 356
61.355, -188, 165, 170, 280, 3849, 356
61.4488, -189, 165, 175, 280, 3849, 356
61.5581, -189, 165, 180, 280, 3849, 356
61.6675, -188, 164, 185, 280, 3849, 356
61.7456, -189, 165, 189, 280, 3849, 356
61.855, -187, 165, 189, 280, 3849, 356
61.9488, -187, 164, 189, 280, 3849, 356
62.0425, -187, 164, 189, 280, 3849, 356
62.1519, -188, 165, 191, 280, 3849, 356
62.2613, -190, 166, 196, 280, 3849, 356
62.355, -190, 167, 202, 280, 3849, 356
62.4644, -189, 166, 207, 280, 3849, 356
62.5581, -189, 168, 212, 280, 3849, 356
62.6519, -189, 168, 217, 280, 3849, 356
62.7613, -188, 167, 222, 280, 3849, 356
62.855, -189, 167, 228, 280, 3849, 356
62.9488, -190, 166, 233, 280, 3849, 356
63.0582, -189, 167, 237, 280, 3849, 356
63.1675, -188, 165, 238, 280, 3849, 356
63.2613, -187, 165, 238, 280, 3849, 356
63.3707, -188, 164, 238, 280, 3849, 356
63.4488, -189, 167, 242, 280, 3849, 356
63.5582, -189, 168, 248, 280, 3849, 356
63.6519, -188, 168, 253, 280, 3849, 356
63.7613, -188, 167, 258, 280, 3849, 356
63.855, -187, 168, 263, 280, 3849, 356
63.9488, -187, 168, 268, 280, 3849, 356
64.0582, -185, 168, 274, 280, 3849, 356
64.1675, -185, 167, 278, 280, 3849, 356
64.2769, -187, 165, 279, 280, 3849, 356
64.355, -187, 165, 279, 280, 3849, 356
64.4488, -187, 165, 279, 280, 3849, 356
64.5582, -187, 166, 281, 280, 3849, 356
64.6519, -185, 167, 287, 280, 3849, 356
64.7457, -184, 166, 292, 280, 3849, 356
64.8551, -184, 166, 297, 280, 3849, 356
64.9488, -185, 166, 302, 280, 3849, 356
65.0582, -186, 167, 307, 280, 3849, 356
65.1676, -183, 164, 313, 280, 3849, 356
65.2613, -185, 163, 316, 280, 3849, 356
65.3707, -186, 163, 316, 280, 3849, 356
65.4644, -186, 163, 315, 280, 3849, 356
65.5426, -186, 163, 315, 280, 3849, 356
65.6519, -186, 163, 315, 280, 3849, 356
65.7457, -185, 163, 315, 280, 3849, 356
65.8551, -185, 165, 318, 280, 3849, 356
65.9488, -183, 164, 323, 280, 3849, 356
66.0582, -182, 164, 328, 280, 3849, 356
66.1519, -183, 163, 333, 280, 3849, 356
66.2613, -182, 163, 339, 280, 3849, 356
66.3551, -181, 164, 343, 280, 3849, 356
66.4645, -184, 163, 345, 280, 3849, 356
66.5738, -184, 163, 345, 280, 3849, 356
66.6676, -184, 163, 345, 280, 3849, 356
66.7613, -184, 163, 345, 280, 3849, 356
66.8551, -184, 163, 345, 280, 3849, 356
66.9488, -183, 163, 345, 280, 3849, 356
67.0582, -181, 163, 349, 280, 3849, 356
67.165, -181, 163, 355, 280, 3849, 356
67.2588, -181, 162, 0, 280, 3849, 356
67.3682, -182, 163, 5, 280, 3849, 356
67.4463, -181, 163, 10, 280, 3849, 356
67.5557, -183, 164, 11, 280, 3849, 356
67.6651, -185, 164, 11, 280, 3849, 356
67.7588, -183, 164, 11, 280, 3849, 356
67.8526, -183, 164, 11, 280, 3849, 356
67.9463, -184, 164, 12, 280, 3849, 356
68.0557, -182, 162, 16, 280, 3849, 356
68.1495, -179, 162, 21, 280, 3849, 356
68.2588, -182, 161, 27, 280, 3849, 356
68.3682, -181, 160, 32, 280, 3849, 356
68.462, -182, 159, 37, 280, 3849, 356
68.5557, -182, 159, 42, 280, 3849, 356
68.6651, -183, 161, 45, 280, 3849, 356
68.7588, -183, 161, 45, 280, 3849, 356
68.8526, -183, 162, 45, 280, 3849, 356
68.962, -183, 159, 49, 280, 3849, 356
69.0557, -183, 158, 54, 280, 3849, 356
69.1651, -181, 158, 59, 280, 3849, 356
69.2589, -182, 160, 64, 280, 3849, 356
69.3526, -183, 159, 70, 280, 3849, 356
69.462, -183, 159, 75, 280, 3849, 356
69.5714, -183, 159, 79, 280, 3849, 356
69.6651, -184, 162, 80, 280, 3849, 356
69.7589, -184, 161, 82, 280, 3849, 356
69.8682, -186, 158, 87, 280, 3849, 356
69.962, -187, 160, 92, 280, 3849, 356
70.0557, -187, 160, 97, 280, 3849, 356
70.1651, -187, 160, 102, 280, 3849, 356
70.2589, -187, 159, 107, 280, 3849, 356
70.3683, -185, 161, 109, 280, 3849, 356
70.4776, -185, 161, 109, 280, 3849, 356
70.5714, -185, 161, 109, 280, 3849, 356
70.6651, -185, 161, 109, 280, 3849, 356
70.7589, -188, 160, 114, 280, 3849, 356
70.8526, -187, 160, 119, 280, 3849, 356
70.962, -188, 161, 124, 280, 3849, 356
71.0488, -188, 161, 129, 280, 3849, 356
71.1468, -189, 162, 134, 280, 3849, 356
71.2562, -191, 160, 140, 280, 3849, 356
71.3656, -191, 162, 145, 280, 3849, 356
71.4749, -188, 162, 146, 280, 3849, 356
71.5687, -188, 162, 146, 280, 3849, 356
71.6781, -188, 162, 146, 280, 3849, 356
71.7562, -187, 162, 146, 280, 3849, 356
71.8499, -190, 162, 149, 280, 3849, 356
71.9593, -191, 163, 155, 280, 3849, 356
72.0531, -191, 164, 160, 280, 3849, 356
72.1624, -190, 162, 165, 280, 3849, 356
72.2562, -189, 162, 170, 280, 3849, 356
72.3499, -186, 162, 171, 280, 3849, 356
72.4593, -188, 162, 173, 280, 3849, 356
72.5531, -190, 164, 178, 280, 3849, 356
72.6625, -189, 164, 183, 280, 3849, 356
72.7718, -189, 163, 188, 280, 3849, 356
72.8656, -189, 163, 193, 280, 3849, 356
72.975, -189, 164, 198, 280, 3849, 356
73.0531, -189, 165, 204, 280, 3849, 356
73.1625, -189, 166, 209, 280, 3849, 356
73.2875, -190, 166, 214, 280, 3849, 356
73.3968, -189, 166, 219, 280, 3849, 356
73.475, -188, 165, 224, 280, 3849, 356
73.5687, -189, 164, 230, 280, 3849, 356
73.6625, -188, 164, 235, 280, 3849, 356
73.7718, -188, 165, 240, 280, 3849, 356
73.8655, -189, 166, 245, 280, 3849, 356
73.9749, -187, 165, 250, 280, 3849, 356
74.0687, -188, 167, 255, 280, 3849, 356
74.1625, -187, 166, 258, 280, 3849, 356
74.2562, -188, 165, 258, 280, 3849, 356
74.3656, -188, 165, 258, 280, 3849, 356
74.4593, -188, 165, 258, 280, 3849, 356
74.5687, -188, 165, 258, 280, 3849, 356
74.6625, -188, 165, 258, 280, 3849, 356
74.7719, -188, 165, 258, 280, 3849, 356
74.8812, -188, 165, 258, 280, 3849, 356
74.9594, -188, 165, 258, 280, 3849, 356
75.0687, -188, 165, 258, 280, 3849, 356
75.1781, -188, 165, 258, 280, 3849, 356
75.2719, -188, 165, 258, 280, 3849, 356
75.3499, -188, 165, 258, 280, 3849, 356
75.4577, -188, 165, 258, 280, 3849, 356
75.5671, -188, 165, 258, 280, 3849, 356
75.6765, -188, 165, 258, 280, 3849, 356
75.7702, -188, 165, 258, 280, 3849, 356
75.8796, -188, 165, 258, 280, 3849, 356
75.9578, -188, 165, 258, 280, 3849, 356
76.0515, -188, 165, 258, 280, 3849, 356
76.1609, -188, 165, 258, 280, 3849, 356
76.2703, -188, 165, 258, 280, 3849, 356
76.3796, -188, 165, 258, 280, 3849, 356
76.489, -188, 165, 258, 280, 3849, 356
76.5671, -188, 165, 258, 280, 3849, 356
76.6609, -188, 165, 258, 280, 3849, 356
76.7703, -188, 165, 258, 280, 3849, 356
76.8796, -188, 165, 258, 280, 3849, 356
76.9578, -188, 165, 258, 280, 3849, 356
77.0671, -188, 165, 258, 280, 3849, 356
77.1765, -188, 165, 258, 280, 3849, 356
77.2546, -188, 165, 258, 280, 3849, 356
77.364, -188, 165, 258, 280, 3849, 356
77.4734, -188, 165, 258, 280, 3849, 356
77.5828, -188, 165, 258, 280, 3849, 356
77.6609, -188, 165, 258, 280, 3849, 356
77.7703, -188, 165, 258, 280, 3849, 356
77.864, -188, 165, 258, 280, 3849, 356
77.9734, -188, 165, 258, 280, 3849, 356
78.0672, -188, 165, 258, 280, 3849, 356
78.1609, -188, 165, 258, 280, 3849, 356
78.2703, -188, 165, 258, 280, 3849, 356
78.3797, -188, 165, 258, 280, 3849, 356
78.4734, -188, 165, 258, 280, 3849, 356
78.5828, -188, 165, 258, 280, 3849, 356
78.6609, -188, 165, 258, 280, 3849, 356
78.7703, -188, 165, 258, 280, 3849, 356
78.8797, -188, 165, 258, 280, 3849, 356
78.9734, -188, 165, 258, 280, 3849, 356
79.0828, -188, 165, 258, 280, 3849, 356
79.1609, -188, 165, 258, 280, 3849, 356
79.2703, -188, 165, 258, 280, 3849, 356
79.364, -188, 165, 258, 280, 3849, 356
79.4734, -188, 165, 258, 280, 3849, 356
79.5828, -188, 165, 258, 280, 3849, 356
79.6609, -188, 165, 258, 280, 3849, 356
79.7703, -188, 165, 258, 280, 3849, 356
79.8641, -188, 165, 258, 280, 3849, 356
79.9734, -188, 165, 258, 280, 3849, 356
80.0828, -188, 165, 258, 280, 3849, 356
80.1766, -188, 165, 258, 280, 3849, 356
80.2859, -188, 165, 258, 280, 3849, 356
80.3641, -188, 165, 258, 280, 3849, 356
80.4578, -188, 165, 258, 280, 3849, 356
80.5672, -188, 165, 258, 280, 3849, 356
80.6766, -188, 165, 258, 280, 3849, 356
80.7703, -188, 165, 258, 280, 3849, 356
80.8797, -188, 165, 258, 280, 3849, 356
80.9578, -188, 165, 258, 280, 3849, 356
81.0672, -188, 165, 258, 280, 3849, 356
81.1766, -188, 165, 258, 280, 3849, 356
81.2703, -188, 165, 258, 280, 3849, 356
81.3641, -188, 165, 258, 280, 3849, 356
